{
  "m_Version": 7,
  "SpawnLocations": [
    {
      "Name": "Smallville",
      "Positions": [
        [
          10307.9805,
          4.61000299,
          4283.03955
        ],
        [
          10481.4805,
          9.25026417,
          4247.01904
        ],
        [
          10516.4482,
          12.4873095,
          4415.49072
        ],
        [
          10813.9102,
          1.88500702,
          4589.6543
        ],
        [
          10230.1162,
          3.1895709,
          4238.67725
        ],
        [
          10098.0967,
          16.8529873,
          4507.15381
        ],
        [
          10846,
          4.0625,
          4422
        ],
        [
          10886,
          3.89625096,
          4516
        ],
        [
          10262,
          15.1350002,
          4506
        ],
        [
          10396.6699,
          18.7199993,
          4515
        ]
      ],
      "UseCooldown": 1
    },
    {
      "Name": "Oceanville",
      "Positions": [
        [
          10501.627,
          38.4481354,
          4838.28564
        ],
        [
          10264.2432,
          29.9393616,
          4646.56836
        ],
        [
          10171.6025,
          33.8661613,
          4771.10986
        ],
        [
          10027.6094,
          46.2797813,
          5010.65967
        ],
        [
          10299.7256,
          43.0823479,
          5171.11865
        ]
      ],
      "UseCooldown": 1
    },
    {
      "Name": "Fisher Camp",
      "Positions": [
        [
          10451.9248,
          2.58599305,
          5605.49463
        ],
        [
          10493.4004,
          16.8960094,
          5411.61572
        ],
        [
          10397.9629,
          17.8398762,
          5373.63867
        ],
        [
          10266.1318,
          8.42817211,
          5572.64258
        ],
        [
          10339.7832,
          7.47620821,
          5502.15723
        ]
      ],
      "UseCooldown": 1
    },
    {
      "Name": "Unnnamed Town",
      "Positions": [
        [
          8955.46777,
          30.1123199,
          5266.04199
        ],
        [
          9130.75098,
          27.9316559,
          5132.87207
        ],
        [
          9228.51855,
          29.0329247,
          5206.63477
        ],
        [
          9179.11719,
          24.7998791,
          5319.19824
        ],
        [
          9304.70898,
          28.948595,
          5198.04541
        ],
        [
          9289.03125,
          39.8716278,
          5421.80127
        ],
        [
          9479.12402,
          27.0244312,
          5234.83984
        ]
      ],
      "UseCooldown": 1
    }
  ],
  "StartingClothing": {
    "EnableCustomClothing": 1,
    "SetRandomHealth": 1,
    "Headgear": [],
    "Glasses": [],
    "Masks": [],
    "Tops": [
      "TShirt_Green",
      "TShirt_Blue",
      "TShirt_Black",
      "TShirt_Beige",
      "TShirt_Red",
      "TShirt_OrangeWhiteStripes",
      "TShirt_White",
      "TShirt_Red",
      "TShirt_Grey",
      "TShirt_RedBlackStripes"
    ],
    "Vests": [],
    "Gloves": [],
    "Pants": [
      "CanvasPants_Beige",
      "CanvasPants_Blue",
      "CanvasPants_Grey",
      "CanvasPants_Red",
      "CanvasPants_Violet",
      "CanvasPantsMidi_Beige",
      "CanvasPantsMidi_Blue",
      "CanvasPantsMidi_Grey",
      "CanvasPantsMidi_Red",
      "CanvasPantsMidi_Violet"
    ],
    "Belts": [],
    "Shoes": [
      "AthleticShoes_Blue",
      "AthleticShoes_Grey",
      "AthleticShoes_Brown",
      "AthleticShoes_Green",
      "AthleticShoes_Black"
    ],
    "Armbands": [],
    "Backpacks": [
      "TaloonBag_Blue",
      "TaloonBag_Green",
      "TaloonBag_Orange",
      "TaloonBag_Violet"
    ]
  },
  "EnableSpawnSelection": 1,
  "SpawnOnTerritory": 1,
  "StartingGear": {
    "EnableStartingGear": 1,
    "UseUpperGear": 0,
    "UsePantsGear": 0,
    "UseBackpackGear": 0,
    "UseVestGear": 0,
    "UsePrimaryWeapon": 0,
    "UseSecondaryWeapon": 0,
    "ApplyEnergySources": 1,
    "SetRandomHealth": 1,
    "UpperGear": [
      {
        "ClassName": "Rag",
        "Quantity": 4,
        "Attachments": []
      },
      {
        "ClassName": "Apple",
        "Quantity": -1,
        "Attachments": []
      },
      {
        "ClassName": "Chemlight_White",
        "Quantity": -1,
        "Attachments": []
      }
    ],
    "PantsGear": [],
    "BackpackGear": [],
    "VestGear": [],
    "PrimaryWeapon": {},
    "SecondaryWeapon": {}
  },
  "UseLoadouts": 0,
  "MaleLoadouts": [
    {
      "Loadout": "PlayerSurvivorLoadout",
      "Chance": 1.0
    }
  ],
  "FemaleLoadouts": [
    {
      "Loadout": "PlayerSurvivorLoadout",
      "Chance": 1.0
    }
  ],
  "SpawnHealthValue": 100.0,
  "SpawnEnergyValue": 1500.0,
  "SpawnWaterValue": 1500.0,
  "EnableRespawnCooldowns": 1,
  "RespawnCooldown": 120,
  "TerritoryRespawnCooldown": 240,
  "PunishMultispawn": 1,
  "PunishCooldown": 120,
  "PunishTimeframe": 300,
  "CreateDeathMarker": 1,
  "BackgroundImagePath": "DayZExpansion/SpawnSelection/GUI/textures/wood_background.edds"
}